test,N,FP_Manufacturer,FP_refineR,FP_Continuous,FP_Guven
Fibrinogen,3166,15.792798483891346,20.751737207833227,19.330385344283005,NA
PT,17000,17.41764705882353,13.617647058823529,11.870588235294118,29.729411764705883
aPTT,17001,32.327510146461975,11.475795541438739,10.540556437856596,15.422622198694194
