test,cutpoint,n_young,n_old,mean_young,mean_old,sd_young,sd_old,z_score,justified
aPTT,12,10013,6887,29.078577848796563,28.13262668796283,3.475104584413188,3.222721458950054,18.157434503146806,TRUE
PT,12,10022,6885,9.899096986629415,9.975511982570806,0.9808322821181229,0.9681737542401133,5.015406205387111,TRUE
